{"cameraMode":{"drawMode":0,"name":"Shaded","section":"Shading Mode"},"sceneLighting":true,"audioPlay":false,"sceneViewState":{"showFog":true,"showMaterialUpdate":false,"showSkybox":true,"showFlares":true,"showImageEffects":true,"showParticleSystems":true},"in2DMode":false,"pivot":{"x":1.42877197265625,"y":3.04345703125,"z":4.623046875},"rotation":{"x":-0.21598473191261292,"y":0.035768430680036548,"z":-0.007681581657379866,"w":-0.9758429527282715},"size":16.32329750061035,"orthographic":true}