{"cameraMode":{"drawMode":0,"name":"Shaded","section":"Shading Mode"},"sceneLighting":false,"audioPlay":false,"sceneViewState":{"showFog":false,"showMaterialUpdate":false,"showSkybox":false,"showFlares":false,"showImageEffects":false,"showParticleSystems":false},"in2DMode":false,"pivot":{"x":1.2634031772613526,"y":0.3487602472305298,"z":0.1389451026916504},"rotation":{"x":0.11353336274623871,"y":-0.6828697919845581,"z":0.10866803675889969,"w":0.7134438753128052},"size":2.6389591693878176,"orthographic":false}