{"cameraMode":{"drawMode":0,"name":"Shaded","section":"Shading Mode"},"sceneLighting":false,"audioPlay":false,"sceneViewState":{"showFog":false,"showMaterialUpdate":false,"showSkybox":false,"showFlares":false,"showImageEffects":false,"showParticleSystems":false},"in2DMode":false,"pivot":{"x":8.779420852661133,"y":1.729370355606079,"z":-12.178625106811524},"rotation":{"x":-0.028979888185858728,"y":-0.9538878798484802,"z":0.09793554991483689,"w":-0.2822742462158203},"size":2.711559534072876,"orthographic":false}