{"cameraMode":{"drawMode":0,"name":"Shaded","section":"Shading Mode"},"sceneLighting":false,"audioPlay":false,"sceneViewState":{"showFog":false,"showMaterialUpdate":false,"showSkybox":false,"showFlares":false,"showImageEffects":false,"showParticleSystems":false},"in2DMode":false,"pivot":{"x":1.8033097982406617,"y":0.46270760893821719,"z":4.413163185119629},"rotation":{"x":-0.00636571878567338,"y":-0.9850196242332459,"z":0.0372624434530735,"w":-0.16828355193138123},"size":0.024744868278503419,"orthographic":false}