{"cameraMode":{"drawMode":0,"name":"Shaded","section":"Shading Mode"},"sceneLighting":false,"audioPlay":false,"sceneViewState":{"showFog":false,"showMaterialUpdate":false,"showSkybox":false,"showFlares":false,"showImageEffects":false,"showParticleSystems":false},"in2DMode":false,"pivot":{"x":-6.461647987365723,"y":0.7980991005897522,"z":3.97985577583313},"rotation":{"x":0.045676931738853458,"y":0.9365215301513672,"z":-0.13322950899600984,"w":0.32109788060188296},"size":1.4167101383209229,"orthographic":false}