{"cameraMode":{"drawMode":0,"name":"Shaded","section":"Shading Mode"},"sceneLighting":false,"audioPlay":false,"sceneViewState":{"showFog":false,"showMaterialUpdate":false,"showSkybox":false,"showFlares":false,"showImageEffects":false,"showParticleSystems":false},"in2DMode":false,"pivot":{"x":5.801499843597412,"y":2.2340002059936525,"z":-7.938996315002441},"rotation":{"x":-0.028979888185858728,"y":-0.9538878798484802,"z":0.09793554991483689,"w":-0.2822742462158203},"size":11.876596450805664,"orthographic":false}