{"cameraMode":{"drawMode":0,"name":"Shaded","section":"Shading Mode"},"sceneLighting":true,"audioPlay":false,"sceneViewState":{"showFog":false,"showMaterialUpdate":false,"showSkybox":false,"showFlares":false,"showImageEffects":false,"showParticleSystems":false},"in2DMode":false,"pivot":{"x":6.571608543395996,"y":0.5004668235778809,"z":26.034029006958009},"rotation":{"x":0.7520109415054321,"y":0.026453159749507905,"z":-0.030247820541262628,"w":0.6579512357711792},"size":3.325857400894165,"orthographic":false}