{"cameraMode":{"drawMode":0,"name":"Shaded","section":"Shading Mode"},"sceneLighting":true,"audioPlay":false,"sceneViewState":{"showFog":false,"showMaterialUpdate":false,"showSkybox":false,"showFlares":false,"showImageEffects":false,"showParticleSystems":false},"in2DMode":false,"pivot":{"x":-8.073734283447266,"y":-33.637821197509769,"z":5.0567145347595219},"rotation":{"x":-0.2255457490682602,"y":-0.7486462593078613,"z":0.313275545835495,"w":-0.5390123724937439},"size":43.38772201538086,"orthographic":false}