{"cameraMode":{"drawMode":0,"name":"Shaded","section":"Shading Mode"},"sceneLighting":true,"audioPlay":false,"sceneViewState":{"showFog":false,"showMaterialUpdate":false,"showSkybox":false,"showFlares":false,"showImageEffects":false,"showParticleSystems":false},"in2DMode":false,"pivot":{"x":0.23244552314281465,"y":1.4774401187896729,"z":0.15661616623401643},"rotation":{"x":0.34580233693122866,"y":-0.07617336511611939,"z":0.02817717380821705,"w":0.9348000884056091},"size":2.5154218673706056,"orthographic":false}