{"cameraMode":{"drawMode":0,"name":"Shaded","section":"Shading Mode"},"sceneLighting":true,"audioPlay":false,"sceneViewState":{"showFog":false,"showMaterialUpdate":false,"showSkybox":false,"showFlares":false,"showImageEffects":false,"showParticleSystems":false},"in2DMode":false,"pivot":{"x":-15.090065002441407,"y":-40.85432815551758,"z":7.161342620849609},"rotation":{"x":-0.2255457490682602,"y":-0.7486462593078613,"z":0.313275545835495,"w":-0.5390123724937439},"size":89.91422271728516,"orthographic":false}