{"cameraMode":{"drawMode":0,"name":"Shaded","section":"Shading Mode"},"sceneLighting":true,"audioPlay":false,"sceneViewState":{"showFog":false,"showMaterialUpdate":false,"showSkybox":false,"showFlares":false,"showImageEffects":false,"showParticleSystems":false},"in2DMode":false,"pivot":{"x":-30.67649269104004,"y":57.650238037109378,"z":69.69624328613281},"rotation":{"x":0.17120176553726197,"y":0.8069021105766296,"z":-0.28214001655578616,"w":0.48997971415519717},"size":11.075719833374024,"orthographic":false}