{"cameraMode":{"drawMode":0,"name":"Shaded","section":"Shading Mode"},"sceneLighting":false,"audioPlay":false,"sceneViewState":{"showFog":false,"showMaterialUpdate":false,"showSkybox":false,"showFlares":false,"showImageEffects":false,"showParticleSystems":false},"in2DMode":false,"pivot":{"x":-1.0399999618530274,"y":1.2999999523162842,"z":1.2100000381469727},"rotation":{"x":-0.0539819560945034,"y":0.9084399342536926,"z":-0.12395263463258743,"w":-0.39558902382850649},"size":10.0,"orthographic":false}