{"cameraMode":{"drawMode":0,"name":"Shaded","section":"Shading Mode"},"sceneLighting":true,"audioPlay":false,"sceneViewState":{"showFog":false,"showMaterialUpdate":false,"showSkybox":false,"showFlares":false,"showImageEffects":false,"showParticleSystems":false},"in2DMode":false,"pivot":{"x":288.7561950683594,"y":-0.36766892671585085,"z":269.33526611328127},"rotation":{"x":0.012875448912382126,"y":0.7095343470573425,"z":-0.7044613361358643,"w":0.013008346781134606},"size":268.19964599609377,"orthographic":false}