{"cameraMode":{"drawMode":0,"name":"Shaded","section":"Shading Mode"},"sceneLighting":false,"audioPlay":false,"sceneViewState":{"showFog":false,"showMaterialUpdate":false,"showSkybox":false,"showFlares":false,"showImageEffects":false,"showParticleSystems":false},"in2DMode":false,"pivot":{"x":-29.606599807739259,"y":24.37033462524414,"z":-10.788591384887696},"rotation":{"x":0.03319919481873512,"y":-0.9282329082489014,"z":0.0854605883359909,"w":0.36055105924606326},"size":1.2676386833190919,"orthographic":false}