{"cameraMode":{"drawMode":0,"name":"Shaded","section":"Shading Mode"},"sceneLighting":true,"audioPlay":false,"sceneViewState":{"showFog":true,"showMaterialUpdate":false,"showSkybox":true,"showFlares":true,"showImageEffects":true,"showParticleSystems":true},"in2DMode":false,"pivot":{"x":-1.9310302734375,"y":0.627197265625,"z":2.94140625},"rotation":{"x":-0.001813541050069034,"y":0.008087987080216408,"z":0.0002156330447178334,"w":-1.000093698501587},"size":14.58426284790039,"orthographic":true}